German,English
ich,I
sie ,they
das ,the
ist ,is
du ,you
nicht ,Not
die ,the
es ,it
und ,and
der ,the
wir ,weather
was ,What
zu ,to
er ,he
ein ,on
in ,in
ja ,Yes
mir ,to me
mit ,with
wie ,how
den ,the
mich ,me
auf ,on
dass ,that
aber ,but
eine ,one
so ,so
hat ,Has
hier ,here
haben ,to have
für ,for
sind ,are
war ,was
von ,from
wenn ,if
dich ,you
ihr ,her
nein ,no
habe ,have
an ,on
bin ,am
noch ,still
nur ,only
da ,there
dir ,to you
sich ,yourself
einen ,a
uns ,US
hast ,have
dem ,to the
kann ,can
gut ,Good
auch ,also
schon ,nice
als ,as
sein ,being
mal ,just
jetzt ,now
ihn ,him
dann ,then
aus ,the end
meine ,my
um ,around
im ,in the
wird ,will
mein ,my
bist ,are you
doch ,indeed
alles ,everything
weiß ,White
keine ,no
oder ,or
nach ,to
s ,s
nichts ,Nothing
man ,you
muss ,got to
werden ,become
will ,want
ihnen ,them
geht ,goes
wo ,Where
etwas ,some
oh ,Oh
mehr ,more
bei ,at
also ,so
bitte ,You're welcome
immer ,always
hab ,have
warum ,why
vor ,in front
los ,Come on
können ,be able
wieder ,again
sagen ,say
machen ,make
danke ,Thank you
sehr ,very
alle ,Everyone
denn ,then
mann ,man
tun ,to do
ihm ,him
zum ,to the
gehen ,walk
sehen ,see
vielleicht ,perhaps
einem ,one
wer ,who
ihre ,her
diese ,this
euch ,to you
einer ,one
komm ,come over
über ,about
gibt ,are
okay ,OK
wissen ,to know
deine ,yours
müssen ,have to
soll ,target
werde ,become
nie ,never
wirklich ,really
hey ,hey
kein ,no
viel ,a lot of
weg ,path
würde ,would
tut ,does
am ,at the
des ,of
einfach ,simple
leben ,Life
hatte ,had
zeit ,Time
weil ,because
willst ,want
kommen ,come
dein ,your
heute ,today
kommt ,comes
wollen ,want
damit ,in order to
ganz ,quite
wäre ,would
wollte ,wanted to
weißt ,know
ok ,OK
sicher ,secure
gesagt ,said
frau ,woman
nun ,well
bis ,until
wurde ,became
leid ,suffering
na ,n / A
kannst ,can
macht ,power
dieser ,this
zurück ,return
lassen ,to let
hallo ,Hello
meinen ,say
gott ,God
seine ,his
hätte ,had
zwei ,two
könnte ,could
genau ,I agree
waren ,were
zur ,to the
lass ,let
klar ,clear
morgen ,tomorrow
leute ,people
vater ,father
schön ,beautiful
glaube ,believe
mr. ,mr.
ab ,away
gerade ,just
tag ,Day
gesehen ,seen
reden ,talk
wohl ,well
liebe ,love
sollte ,should
sagte ,said
unsere ,our
jemand ,someone
geld ,money
durch ,through
ob ,if
keinen ,no
mutter ,mother
raus ,Out
gemacht ,did
paar ,few
mach ,mach
passiert ,happens
dachte ,thought
besser ,better
musst ,must
wieso ,how come
sir ,sir
dieses ,this
selbst ,even
gehört ,heard
möchte ,would like
ohne ,without
hör ,hear
her ,here
sag ,say
meiner ,mine
anderen ,others
helfen ,help
nacht ,night
finden ,Find
diesen ,this
gute ,quality
wirst ,will
lange ,Long
natürlich ,Naturally
ach ,Oh
meinem ,my
gar ,even
ins ,into the
sei ,be
dort ,there
weiter ,further
geben ,give
seit ,since
gleich ,equal
sagt ,says
recht ,Law
ihren ,your
richtig ,correct
ordnung ,order
vom ,from the
hören ,Listen
sieht ,sees
davon ,from that
dafür ,Therefore
geh ,go
diesem ,this
wegen ,because of
hause ,home
sollten ,should
mädchen ,girl
hin ,there
sollen ,must
abend ,Eve
haus ,a house
denke ,think
viele ,lots
drei ,three
deinen ,your
freund ,friend
guten ,good
unser ,our
warte ,wait
machst ,doing
menschen ,People
essen ,meal
angst ,fear
bleiben ,stay
zusammen ,together
welt ,world
unter ,among
habt ,have
schnell ,quickly
andere ,other
tot ,dead
getan ,did
darf ,may
erst ,first
rein ,pure
stimmt ,Right
nehmen ,to take
kinder ,children
eines ,one
glauben ,believe
bringen ,bring
ganze ,whole
genug ,enough
scheiße ,crap
brauchen ,need
gegen ,against
moment ,moment
junge ,Boy
steht ,stands
sonst ,otherwise
musik ,music
arbeit ,work
seid ,are
ihrer ,of their
fragen ,ask
herr ,gentleman
dabei ,included
heißt ,called
familie ,family
warten ,wait
niemand ,nobody
sofort ,right away
bevor ,before
jahre ,years
einmal ,once
problem ,problem
sohn ,son
wann ,when
brauche ,need
fertig ,finished
halt ,stop
allein ,alone
beim ,at the
sprechen ,to speak
beide ,both
gefunden ,found
hatten ,had
sache ,Thing
hilfe ,Help
verdammt ,Damn
ne ,ne
jeder ,everyone
warst ,were
gern ,gladly
konnte ,could
darüber ,about it
halten ,keep
siehst ,see
verstehe ,understand
jahren ,years
kam ,came
kind ,child
wusste ,knew
wahr ,true
seinen ,his
dazu ,to
bruder ,brothers
daran ,to it
ihrem ,their
denken ,think
könnten ,could
dank ,thanks to
würden ,would
lieber ,Dear
fall ,case
deiner ,yours
sehe ,see
egal ,no matter
kennen ,know
deinem ,your
vergessen ,to forget
frage ,question
mache ,make
komme ,get
sage ,legend
mag ,like
sieh ,look
echt ,real
gib ,give
eigentlich ,actually
jeden ,every
dad ,dad
gab ,gave
uhr ,clock
stadt ,city
männer ,Men
baby ,infant
fahren ,ride
namen ,names
bekommen ,to get
kopf ,head
hi ,Hi
gehe ,go
kleine ,small
später ,later
glück ,happiness
letzte ,latest
freunde ,friends
n ,n
all ,Alles
darauf ,thereon
ende ,The End
dr. ,dr.
bald ,soon
töten ,kill
dinge ,things
meinst ,mean
toll ,Great
eins ,one
minuten ,minutes
vielen ,many
bereit ,ready
weit ,far
ahnung ,idea
seiner ,his
bisschen ,a little
tür ,door
auto ,automobile
jungs ,guys
eure ,your
augen ,eyes
polizei ,police
stehen ,to stand
sterben ,to die
hätten ,had
draußen ,outdoors
kenne ,know
fast ,nearly
runter ,down
vorbei ,past
treffen ,meet
gerne ,gladly
dran ,your turn
wurden ,became
arbeiten ,work
mom ,mom
verrückt ,crazy
neue ,new
ging ,went
hinter ,Behind
sorgen ,care for
einzige ,only
jemanden ,someone
darum ,therefore
tochter ,daughter
braucht ,needs
idee ,idea
schwester ,sister
drin ,in it
ruhig ,calm
sah ,saw
ganzen ,entire
spät ,late
ziemlich ,pretty much
solltest ,should
name ,Surname
sogar ,even
kurz ,shortly
kerl ,Guy
frauen ,women
liegt ,lies
suchen ,Looking for
finde ,find
je ,ever
woher ,where from
lang ,long
job ,job
keiner ,none
seinem ,his
hört ,hears
verstehen ,to understand
spielen ,to play
s. ,s.
überhaupt ,at all
teufel ,Devil
verstanden ,Understood
verloren ,lost
große ,size
hand ,hand
grund ,reason
jahr ,year
kommst ,coming
mama ,mummy
ruhe ,Quiet
gewesen ,been
tod ,death
stunden ,hours
hoffe ,hope
denkst ,think
oben ,above
gestern ,yesterday
versuchen ,attempt
art ,kind
letzten ,last
schatz ,Darling
endlich ,Finally
he ,hey
nimm ,take
etwa ,approximately
erzählt ,told
läuft ,runs
schwer ,heavy
anders ,different
miss ,ill
musste ,had to
fünf ,five
wasser ,water
lässt ,leaves
erste ,first
versucht ,tried
gekommen ,came
geschichte ,story
wenig ,little
holen ,fetch
bedeutet ,means
nett ,kind
wahrheit ,truth
woche ,week
bringt ,brings
deshalb ,for this reason
welche ,Which
bestimmt ,definitely
hoch ,high
alter ,old
sagst ,say
schau ,look
ah ,Ah
land ,country
zimmer ,room
wagen ,dare
vier ,four
gefallen ,please
spaß ,fun
niemals ,No way
schuld ,fault
getötet ,killed
wollten ,wanted to
verlassen ,leaving
zeigen ,show
beste ,best
ernst ,serious
unserer ,our
denen ,to those
ort ,location
bleibt ,remain
würdest ,would
manchmal ,sometimes
glaubst ,think
seite ,side
lasst ,leaves
zwischen ,in between
eben ,even
während ,while
spiel ,game
nehme ,take
ersten ,first
guter ,goods
chance ,chance
freundin ,girlfriend
krieg ,war
gefällt ,like
kleinen ,small
erzählen ,tell
anderes ,other
tage ,days
entschuldigen ,apologize
wichtig ,important
gehst ,going
allen ,all
bett ,bed
mrs. ,mrs.
sachen ,stuff
the ,the
schlecht ,bad
schule ,school
entschuldigung ,Sorry
wort ,word
john ,John
hättest ,had
wären ,would
typ ,Type
schlafen ,sleep
äh ,Ah
tu ,tu
euer ,your
captain ,captain
gesicht ,face
falls ,if
neuen ,new
bloß ,just
unten ,below
teil ,part
beiden ,both
mensch ,person
kleiner ,smaller
stellen ,put
oft ,often
sorge ,worries
gedacht ,thought
tust ,do
trinken ,drink
einige ,some
dies ,this
ding ,thing
unseren ,our
kriegen ,get
blut ,blood
ehrlich ,Honestly
eltern ,parents
scheint ,seems
herz ,heart
jack ,Jack
glücklich ,happy
alte ,old
alt ,old
bleib ,permanent
wiedersehen ,meet again
frei ,free
wen ,whom
drauf ,on it
möglich ,possible
irgendwie ,somehow
reicht ,enough
fest ,fixed
besten ,best
waffe ,weapon
kaum ,hardly
irgendwas ,anything
klingt ,sounds
platz ,city ​​square
brauchst ,need
rede ,speech
papa ,father
falsch ,not correct
sondern ,Then what
alten ,old
nummer ,number
früher ,previously
jungen ,boys
wohin ,where
außer ,except
früh ,early
setzen ,put
zuerst ,first
wahrscheinlich ,probably
dürfen ,allowed to
jede ,every
arsch ,ass
telefon ,phone
tue ,do
kennst ,know
willkommen ,welcome
plan ,plan
großen ,huge
retten ,save
hierher ,here
wär ,would
bring ,bring
fehler ,error
wollt ,want
dollar ,dollar
zehn ,ten
allem ,all
pass ,passport
nächste ,next
stunde ,hour
hände ,hands
gegeben ,given
menge ,crowd
langsam ,slow
bereits ,already
wartet ,waiting
sechs ,six
lieben ,love
meines ,mine
büro ,office
nächsten ,next
gebe ,give
wochen ,weeks
ruf ,call
schaffen ,create
leider ,Unfortunately
scheiß ,shit
hölle ,hell
trotzdem ,Nevertheless
doktor ,doctor
tja ,tja
new ,new
voll ,fully
film ,Movie
überall ,all over
hund ,dog
geworden ,become
direkt ,direct
wolltest ,wanted
tat ,did
denkt ,thinks
schiff ,ship
neues ,new
wem ,whom
könig ,king
danach ,thereafter
funktioniert ,works
hattest ,had
lernen ,to learn
deswegen ,because of this
wow ,Wow
nennen ,to name
hm ,Hm
feuer ,Fire
laufen ,Running
alleine ,alone
erinnern ,recall
völlig ,fully
kleines ,small
könnt ,can
stelle ,Job
kumpel ,Dude
verlieren ,to lose
probleme ,problems
spricht ,speaks
kaffee ,coffee
luft ,air
fand ,found
i ,i
entschuldige ,Excuse me
ziehen ,draw
verschwinden ,disappear
könntest ,could
seht ,look
aufhören ,stop
eigenen ,own
richtige ,right one
unserem ,our
suche ,seek
zwar ,that is
groß ,big
hol ,hol
buch ,a book
krank ,ill
fühle ,feel
jedes ,each
verstehst ,understand
wert ,worth
arzt ,doctor
froh ,joyful
versuche ,tries
straße ,road
rufen ,to shout
heiraten ,to marry
super ,great
sam ,sam
lebt ,lives
gutes ,good
lasse ,leave
onkel ,uncle
total ,total
gebracht ,brought
party ,party
erklären ,explain
spielt ,plays
wahl ,choice
vertrauen ,trust
damals ,at the time
tagen ,meet
leicht ,easy
nachdem ,after this
gegangen ,went
gefühl ,feeling
kaufen ,to buy
geschafft ,made
typen ,types
interessiert ,Interested
möchten ,would like
halte ,think
hält ,keeps
glaub ,think
irgendwo ,somewhere
stück ,piece
genauso ,just like that
kennt ,knows
genommen ,taken
zukunft ,future
weniger ,fewer
cool ,cool
licht ,light
getroffen ,met
himmel ,heaven
nachricht ,news
drüben ,over there
passt ,fits
sagten ,said
kümmern ,To take care of
laut ,noisy
vergiss ,forget
angerufen ,called
sitzen ,to sit
daß ,that
erde ,Earth
großer ,greater
schlüssel ,key
rest ,rest
passieren ,happen
eher ,rather
gefragt ,asked
gefängnis ,jail
opfer ,Victim
körper ,body
solche ,such
mist ,damn
mr ,mr
findet ,finds
schreiben ,write
böse ,evil
gesprochen ,spoken
versuch ,experiment
vorstellen ,imagine
wovon ,About what
sobald ,so soon
nochmal ,once again
herren ,Men's
sex ,sex
waffen ,weapons
wohnung ,apartment
weh ,sore
heißen ,mean
krankenhaus ,hospital
bringe ,bring
höre ,hear
millionen ,millions
klasse ,class
hart ,hard
worden ,been
sinn ,sense
außerdem ,aside from that
verletzt ,injured
ändern ,to change
erfahren ,Experienced
tragen ,wear
wenigstens ,at least
vorsichtig ,careful
daddy ,daddy
stolz ,proudly
stark ,strong
fällt ,falls
möchtest ,want
leuten ,people
besonders ,especially
schöne ,lovely
schicken ,send
person ,person
schätze ,wealth
solange ,so long
länger ,longer
großartig ,Great
lacht ,laughs
anrufen ,call up
stand ,was standing
redest ,talking about
fühlen ,feel
erwartet ,expected
boden ,floor
boss ,boss
stimme ,voice
glaubt ,believes
still ,quiet
sicherheit ,security
setz ,translated
ma ,ma
mund ,mouth
kämpfen ,battle
wisst ,know
lachen ,laugh
hörst ,hear
zeug ,things
lustig ,fun
umbringen ,kill
sollst ,shalt
hasse ,hate
schlimm ,terrible
o ,O
unglaublich ,unbelievable
wärst ,'d
laden ,load
führen ,to lead
gestorben ,died
schauen ,watch
meinung ,opinion
lesen ,read
mörder ,murderer
frank ,frank
ähm ,um
geschehen ,happen
geschäft ,business
idiot ,idiot
verzeihung ,forgiveness
fliegen ,to fly
zeig ,show
team ,team
general ,general
mike ,mike
aufs ,onto
york ,York
vorher ,before
schluss ,Enough
schneller ,more quickly
liebt ,loves
verdient ,earned
mögen ,like
meisten ,most
denk ,thinking
umgebracht ,killed
perfekt ,Perfect
versprochen ,promised
handy ,mobile
hinten ,rear
monate ,months
erinnere ,remember
acht ,eight
arbeitet ,is working
fallen ,fall
rufe ,call
nötig ,necessary
a ,a
mord ,murder
heraus ,out
tages ,day
unmöglich ,not possible
liebling ,favorite
charlie ,charlie
tatsächlich ,indeed
folgen ,consequences
bitten ,request
behalten ,to keep
nähe ,vicinity
arbeite ,working
joe ,joe
verdammte ,damned
plötzlich ,suddenly
lebens ,life
hole ,get
tisch ,table
michael ,Michael
hörte ,heard
jemals ,ever
liegen ,lie
verkaufen ,Selling
gefährlich ,dangerous
anfangen ,begin
bekommt ,receives
machte ,made
ha ,Ha
hotel ,hotel
hilft ,help
werdet ,will
meister ,master
kampf ,battle
antwort ,answer
konnten ,could
geschickt ,sent
jedem ,each
obwohl ,although
sieben ,seven
komisch ,funny
gewinnen ,to win
ihres ,their
bezahlt ,paid
you ,you
voller ,full of
unterwegs ,On the way
dumm ,stupid
ärger ,trouble
bild ,picture
george ,George
neu ,New
bezahlen ,pay
dagegen ,on the other hand
seien ,are
starb ,died
tom ,tom
monaten ,months
leiche ,corpse
niemanden ,anyone
auge ,eye
arschloch ,asshole
verheiratet ,married
peter ,Peter
zieh ,pulling
nimmt ,takes
gerettet ,rescued
agent ,agent
traum ,dream
entscheidung ,decision
schlimmer ,worse
regeln ,rules
fenster ,window
fangen ,catch
fort ,on
ständig ,constant
findest ,find
gefahr ,danger
absolut ,absolutely
mary ,mary
augenblick ,moment
bescheid ,notice
rum ,rum
gedanken ,throughts
werd ,expectant
ziel ,goal
benutzt ,used
bewegung ,Move
jemandem ,somebody
wünschte ,wish
worte ,worte
kamen ,came
welcher ,which
zahlen ,pay
anfang ,beginning
legen ,lay
erinnerst ,remember
anwalt ,attorney
fahr ,driving
sitzt ,seated
hilf ,help
offen ,open
schönen ,beautiful
monsieur ,monsieur
müsste ,should
arme ,poor
bier ,beer
fürs ,for
partner ,partner
klein ,small
david ,David
klappe ,flap
süß ,cute
herum ,hereabouts
finger ,finger
ehe ,before
rolle ,role
ließ ,was
gleiche ,same
monat ,month
hochzeit ,wedding
max ,Max
führt ,leads
paris ,Paris
wach ,awake
wozu ,what for
arm ,poor
geschrieben ,written
chef ,boss
benutzen ,use
informationen ,information
erledigt ,completed
hoffentlich ,hopefully
müsst ,need
fühlt ,feels
tanzen ,to dance
ansehen ,look at
darfst ,allowed to
zuhause ,At home
wunderbar ,Marvelous
hältst ,hold
reise ,travel
gewonnen ,won
dame ,lady
irgendwann ,Sometime
chffffff ,chffffff
alex ,Alex
steckt ,plugged
jedenfalls ,in any case
schreit ,screams
tolle ,amazing
rüber ,over
tschüss ,bye
nennt ,names
raum ,space
heiß ,hot
foto ,photo
kalt ,cold
paul ,paul
irgendetwas ,anything
weile ,while
bisher ,until now
minute ,minute
unbedingt ,necessarily
zug ,train
sekunden ,seconds
wofür ,for what
erzähl ,tell
nen ,nen
beweise ,proofs
nahm ,took
aller ,all
freut ,is happy
seele ,soul
schießen ,shoot
müde ,weary
dauert ,take
magst ,like
harry ,harry
brief ,letter
gelernt ,learned
sucht ,seeks
bekannt ,famous
weitere ,Further
unfall ,accident
dahin ,then
kontrolle ,control
beispiel ,example
lady ,lady
dasselbe ,the same thing
herzen ,heart
schlagen ,beat
wütend ,furious
weise ,way
damen ,Ladies
darin ,in this
gottes ,god
holt ,get
fehlt ,is missing
vorsicht ,caution
heiße ,name is
beweisen ,to prove
gehabt ,had
zumindest ,at least
vermisst ,missing
hübsch ,pretty
kriegt ,gets
verbindung ,connection
tief ,deep
richtung ,direction
lage ,location
sowieso ,anyway
kraft ,power
normal ,normal
lauf ,run
ehre ,honor
stell ,Vice
geschenk ,gift
bar ,bar
tasche ,pocket
gelesen ,had read
gekauft ,bought
wussten ,knew
gestohlen ,stolen
hunger ,hunger
leg ,leg
lügen ,lying
beziehung ,relationship
ben ,ben
verschwunden ,disappeared
steh ,stand
nächstes ,next
gearbeitet ,worked
preis ,price
witz ,joke
meinte ,said
liste ,list
geist ,ghost
neben ,Next
gesucht ,searched
firma ,company
süße ,sweetness
rücken ,the back
schrecklich ,terrible
letzter ,last
verliebt ,in love
öffnen ,to open
redet ,talks
boot ,boat
seltsam ,strange
versteckt ,hidden
fürchte ,fear
verschwinde ,disappear
erwischt ,Caught
verkauft ,sold
tante ,aunt
erwarten ,expect
pferd ,horse
wunder ,wonder
sauer ,angry
vermutlich ,allegedly
näher ,closer
major ,major
jung ,young
majestät ,majesty
aussehen ,to look like
ans ,ans
de ,de
and ,and
links ,Left
großes ,great
welches ,which
beschützen ,to protect
geboren ,born
erreichen ,to achieve
punkt ,Point
kindern ,children
kirche ,church
verraten ,betray
selber ,myself
befehl ,command
colonel ,colonel
fährt ,moves
zieht ,attracts
geburtstag ,date of birth
haut ,skin
wette ,bet
reich ,rich
sekunde ,second
fahre ,ride
schwöre ,swear
geredet ,spake
james ,james
madame ,madame
eigene ,own
zeiten ,times
traurig ,Sad
anruf ,phone call
nachrichten ,news
frieden ,peace
karte ,map
güte ,quality
euren ,your
diesmal ,this time
schade ,what a shame
persönlich ,personal
kriege ,wars
stirbt ,dies
bleibe ,stay
verändert ,changes
sonne ,Sun
lieb ,Dear
nämlich ,namely
letztes ,last
bekam ,got
ruft ,calls
professor ,professor
gericht ,dish
nase ,nose
ewig ,forever
singen ,to sing
bank ,Bank
beschäftigt ,occupied
computer ,computer
yeah ,yeah
toten ,kill
weihnachten ,Christmas
offensichtlich ,obviously
naja ,Oh well
henry ,henry
gefühle ,emotions
fuß ,foot
show ,show
überraschung ,surprise
geheimnis ,secret
fbi ,fbi
kontakt ,Contact
gold ,gold
drogen ,drugs
regierung ,government
wein ,wine
kriegst ,get
ermordet ,murdered
fotos ,photos
entfernt ,removed
geschlafen ,slept
manche ,some
erledigen ,complete
ran ,ran
gegenüber ,opposite to
schlaf ,sleep
lust ,desire
wunderschön ,very beautiful
witzig ,funny
nick ,nick
zerstört ,destroyed
übrigens ,by the way
willen ,sake
heim ,home
richtigen ,right
deines ,yours
namens ,called
zeigt ,indicates
geliebt ,loved
gehören ,belong
brachte ,brought
herrn ,Mr
blick ,view
besuch ,visit
schlechte ,bad
bewegen ,move
haare ,hair
antworten ,reply
präsident ,president
sagtest ,told
hoffnung ,hope
stecken ,put
lebe ,live
rechts ,right
interessant ,Interesting
entscheiden ,decide
miteinander ,together
meint ,means
liebst ,love
indem ,by doing
bleibst ,stay
kümmere ,take care
wohnen ,reside
weder ,neither
möglichkeit ,opportunity
kaputt ,broken
bekomme ,get
flugzeug ,plane
vergangenheit ,past
anderer ,another
zweite ,second
armee ,army
jim ,jim
tee ,tea
entweder ,either
weiss ,White
don ,Don
detective ,detective
aufhalten ,stop
stellt ,provides
verspreche ,promise
überrascht ,surprised
sauber ,clean
hau ,hau
mark ,mark
schlag ,blow
sheriff ,sheriff
untertitel ,subtitle
setzt ,puts
frag ,question
vaters ,father
nervös ,nervous
gesellschaft ,company
verstecken ,hide
schuldig ,guilty
hals ,neck
schützen ,protect
besuchen ,to visit
of ,of
passen ,fit
überleben ,to survive
erhalten ,Receive
teilen ,share
gebäude ,building
schicksal ,fate
zeichen ,character
richter ,judge
besorgt ,concerned
küche ,kitchen
lief ,ran
vergnügen ,pleasure
wüsste ,know
volk ,people
lhr ,LHR
herausfinden ,find out
königin ,queen
soldaten ,soldiers
feiern ,to celebrate
situation ,situation
lag ,was
gelassen ,calmly
allerdings ,Indeed
soweit ,so far
gefahren ,hazards
verstand ,understanding
bord ,shelf
schönes ,beautiful
jimmy ,Jimmy
billy ,billy
angefangen ,begun
lee ,lee
fühlst ,feel
bob ,bob
mussten ,had
rat ,advice
worauf ,whereupon
gebeten ,asked
tony ,tony
kamera ,camera
achtung ,Attention
lieutenant ,lieutenant
ganzes ,whole
schuhe ,Shoes
sarah ,sarah
glückwunsch ,congratulation
niemandem ,no one
gibst ,give
statt ,instead of
übernehmen ,take
gegend ,area
wald ,Forest
al ,al
la ,la
nimmst ,take
danny ,danny
erkennen ,detect
glas ,glass
falsche ,false
verantwortlich ,responsible
jesus ,Jesus
stöhnt ,moans
herein ,in
kleid ,dress
zerstören ,to destroy
jawohl ,Yes
london ,London
gegessen ,eaten
abendessen ,dinner
gesetz ,law
gemeinsam ,together
geholfen ,helped
erster ,first
wohnt ,lives
schritt ,step
guck ,peep
nahe ,vicinity
aussieht ,looks
beginnen ,kick off
dachten ,thought
band ,tape
ungefähr ,approximately
aufgabe ,task
neun ,nine
furchtbar ,terrible
drinnen ,indoors
zuvor ,before
charles ,charles
freue ,am happy
amerika ,America
übrig ,left over
spur ,track
falschen ,false
sergeant ,sergeant
melden ,Report
helfe ,help
werfen ,throw
bill ,bill
haltet ,think
erinnert ,remind
hängt ,hangs
freude ,pleasure
ehemann ,husband
erschossen ,shot
verzeihen ,pardon
schwein ,pig
uh ,uh
monster ,monster
entschieden ,decided
mission ,mission
verdammten ,damned
brauch ,custom
gewusst ,knew
vorne ,in front
stopp ,stop
übel ,bad
schlampe ,slut
schöner ,more beautiful
adresse ,address
unsinn ,nonsense
messer ,knife
gesund ,healthy
respekt ,respect
pro ,Per
leisten ,Afford
davor ,before
richard ,Richard
bedeuten ,mean
ball ,ball
mitnehmen ,take along
gespielt ,played
to ,to
schwierigkeiten ,difficulties
hälfte ,half
kannte ,knew
stehe ,am
maria ,Maria
planeten ,planet
schwanger ,pregnant
gruppe ,group
anna ,Ann
verhaftet ,arrested
deal ,deal
seines ,his
irgendwelche ,any
händen ,hands
versteht ,understood
drehen ,rotate
eis ,ice cream
danken ,to thank
erfolg ,success
zufrieden ,satisfied
schließen ,shut down
besorgen ,obtain
wochenende ,weekend
worüber ,about what
stimmen ,voices
nehmt ,take
martin ,martin
m ,m
witze ,joking
beine ,legs
verbrechen ,crime
bericht ,report
nachts ,at night
eurer ,yours
prinzessin ,princess
schmerz ,pain
klingelt ,rings
position ,position
echte ,real
gleichen ,equal
fernsehen ,watch TV
wünsche ,wishes
schließlich ,after all
gefangen ,caught
schätzchen ,baby
seh ,see
schwierig ,difficult
angebot ,Services
nah ,close
jane ,jane
gewartet ,waited
kümmert ,takes care
ring ,ring
rennen ,run
lied ,song
eier ,eggs
welchen ,which
sorry ,sorry
fantastisch ,fantastic
schaut ,looks
hielt ,held
falle ,cases
drink ,drink
insel ,Island
dauern ,last
daher ,therefore
zufällig ,coincidentally
dorf ,village
clark ,clark
bewegt ,emotional
mitten ,in the middle
bullen ,cops
feind ,enemy
einverstanden ,I Agree
neuer ,news
bauen ,to build
trägt ,wearing
hängen ,hang
freunden ,friends
deren ,whose
halb ,half
verpasst ,lost
sprach ,spoke
leise ,quiet
armen ,poor
wusstest ,knew
fanden ,found
unternehmen ,company
träume ,dreams
schläft ,is sleeping
kostet ,costs
spiele ,games
unseres ,our
entlang ,along
johnny ,johnny
versprechen ,promise
tiere ,animals
freiheit ,freedom
verdienen ,to earn
aha ,Aha
unterhalten ,to chat
eingeladen ,invited
schaden ,damage
genannt ,called
beenden ,break up
ray ,ray
geändert ,changed
thomas ,Thomas
lächerlich ,ridiculous
geschlagen ,beaten
park ,park
schätzen ,treasure
männern ,men
t ,t
beginnt ,starts
ehren ,to honor
größte ,greatest
energie ,energy
fleisch ,flesh
besonderes ,special
besteht ,consists
reichen ,are sufficient
robert ,Robert
zeitung ,newspaper
worum ,about what
nachgedacht ,thought
betrunken ,drunk
sowas ,like this
patienten ,patient
gespräch ,conversation
leiden ,To suffer
taxi ,taxi
tötet ,killing
see ,lake
unterschied ,difference
wind ,wind
singt ,sings
schreien ,scream
daniel ,Daniel
sahen ,saw
wand ,Wall
bus ,bus
lhre ,Their
angriff ,attack
verhalten ,behave
loch ,hole
interesse ,interest
treten ,to step
quatsch ,rubbish
trifft ,meets
polizist ,police officer
blumen ,flower
neuigkeiten ,news
bringst ,bring
flasche ,bottle
rief ,cried
schuss ,shot
fassen ,grasp
meer ,sea
konntest ,could
schafft ,creates
maschine ,machine
spreche ,speak
bein ,leg
eddie ,eddie
bekommst ,get
verbringen ,spend
bücher ,Books
blöd ,stupid
frühstück ,breakfast
tommy ,tommy
meter ,meter
bilder ,pictures
aufpassen ,watch out
claire ,claire
dessen ,whose
muß ,got to
freuen ,be happy
engel ,Angel
offenbar ,apparently
gelegenheit ,opportunity
fang ,fishing
lüge ,lie
ohren ,ears
au ,au
angetan ,done
beeil ,hurry
brechen ,break
brüder ,brothers
zeitpunkt ,time
keinem ,any
ecke ,corner
brücke ,bridge
druck ,print
mitgebracht ,brought
seufzt ,sighs
date ,date
haufen ,heap
oma ,granny
auftrag ,assignment
leer ,empty
entkommen ,escape
bobby ,Bobby
weißen ,white
lösung ,solution
wart ,serviceable
pause ,Break
irre ,crazy
gestellt ,placed
keller ,"basement, cellar"
gebrochen ,Broken
weinen ,cry
nutzen ,to use
wünschen ,wish
fragt ,asks
maul ,mouth
verantwortung ,responsibility
schloss ,Castle
hut ,cap
lächeln ,smile
ryan ,ryan
red ,red
grad ,Degree
zweiten ,second
hinaus ,out
mitkommen ,come along
vorhin ,earlier
fahrt ,trip
gemeint ,meant
ernsthaft ,seriously
gebaut ,built
bombe ,bomb
hasst ,hates
versteh ,understand
kosten ,costs
zeige ,show
traf ,hit
eigenes ,own
haar ,hair
fragte ,asked
jason ,jason
operation ,surgery
befehle ,commands
schmerzen ,pains
erklärt ,explained
steve ,steve
dach ,roof
folge ,consequence
gelaufen ,ran
schwarze ,black
dankbar ,thankful
gehirn ,brain
töte ,kill
mädels ,girls
mut ,courage
heilige ,saint
laura ,laura
tier ,animal
system ,system
mannes ,man
wahnsinn ,craziness
nee ,nope
rose ,rose
club ,club
geschlossen ,closed
hintern ,butt
is ,is
thema ,topic
fiel ,fell
gehalten ,held
dorthin ,there
urlaub ,vacation
steig ,sidewalk
vorwärts ,forward
überprüfen ,check over
besseres ,better
beweis ,proof
baum ,tree
gebt ,give
funktionieren ,function
anscheinend ,apparently
lehrer ,teacher
hoffen ,hope
bessere ,better
isst ,eats
nachmittag ,afternoon
nem ,nEM
risiko ,risk
chuck ,chuck
knast ,slammer
entschuldigt ,apologizes
gilt ,is applicable
held ,hero
daraus ,from that
erstes ,first
fräulein ,young lady
rachel ,rachel
prima ,great
brauchte ,needed
gewalt ,violence
dean ,dean
liebes ,Dear
schaffst ,manage
nachdenken ,think
tor ,gate
erfahrung ,experience
pläne ,plans
jagen ,to hunt
katze ,cat
runde ,round
deutsche ,German
schwanz ,tail
taten ,doings
lord ,lord
dringend ,urgently
commander ,commander
großvater ,grandfather
sommer ,summer
gezeigt ,shown
hinterlassen ,leave behind
gewissen ,conscience
getrunken ,drunk
wahre ,real
luke ,hatch
kunden ,customers
kate ,cottage
zeugen ,testify
geplant ,planned
amanda ,amanda
erreicht ,achieved
stören ,to disturb
stein ,stone
atmen ,to breathe
hose ,trousers
weiße ,white
sprichst ,speak
größer ,greater
schickt ,sends
city ,City
prinz ,prince
behandelt ,treated
tote ,dead
überlegen ,think
karten ,cards
it ,it
d ,d
restaurant ,restaurant
welchem ,wherein
roger ,roger
natur ,nature
carter ,carter
emily ,Emily
mami ,mommy
verschwindet ,disappears
lautet ,reads
streit ,fight
küssen ,kiss
sprich ,speak
längst ,a long time ago
fängt ,catches
drüber ,about it
gingen ,went
erlaubt ,permitted
einzigen ,single
bad ,bath
schmeckt ,tastes
kugel ,bullet
normalerweise ,normally
schwarzen ,black
rauf ,up
flug ,flight
beruhigen ,calm
walter ,walter
halbe ,half
dan ,Dan
geschieht ,happens
einiges ,some
entdeckt ,discovered
morgens ,In the morning
schlechter ,worse
vollkommen ,completely
gelogen ,lied
verfolgt ,tracked
college ,college
weiteren ,more
chris ,chris
louis ,louis
eh ,eh
schwert ,sword
hunde ,dogs
steigen ,rise
verdammter ,fucking
dürfte ,might
riecht ,smells
labor ,laboratory
bat ,asked
tim ,Tim
arthur ,arthur
mindestens ,at least
fisch ,fish
eurem ,your
füße ,feet
stehst ,standing
erschießen ,shoot dead
kuchen ,cakes
versuchte ,tried
zustand ,State
wunsch ,wish
gäste ,Guests
erwähnt ,mentioned
farbe ,colour
van ,van
einigen ,some
zufall ,coincidence
garten ,garden
junger ,younger
autos ,cars
abgesehen ,apart
fair ,fair
vertraut ,trusted
koffer ,suitcase
hieß ,was called
kurs ,course
wirkt ,acts
idioten ,idiot
netter ,nice
seitdem ,since
angegriffen ,attacked
geschichten ,stories
wahnsinnig ,insane
ähnlich ,similar
lily ,lily
aufgeben ,to give up
england ,England
entführt ,kidnapped
ms. ,ms.
mistkerl ,dirty swine
solchen ,such a
ner ,ner
geschossen ,shot
lager ,warehouse
besprechen ,discuss
reihe ,row
polizisten ,police officers
vogel ,bird
legt ,puts
strand ,Beach
amerikaner ,American
schwarz ,black
fern ,remote
fick ,fuck
scherz ,joke
san ,san
erzählte ,told
wichser ,wanker
jake ,jake
langweilig ,boring
womit ,by which
geschäfte ,businesses
my ,my
kapiert ,Got it
nachher ,later
verlangt ,requires
schlägt ,beats
überzeugt ,convinced
irgendjemand ,anyone
rot ,Red
soldat ,soldier
vorbereitet ,prepared
geschah ,happened
reisen ,to travel
termin ,meeting
gang ,corridor
stehlen ,steal
rechte ,right
rache ,revenge
bemerkt ,noticed
frankreich ,France
stört ,disturbs
radio ,radio
beruhige ,calm down
pferde ,horses
vertrag ,contract
arbeitest ,work
dienst ,service
zählt ,counts
fragst ,ask
wesen ,being
bürgermeister ,Mayor
emma ,emma
fluss ,flow
woran ,by which
geblieben ,remained
durcheinander ,mixed up
me ,me
ted ,ted
nette ,nice
test ,test
mister ,mister
dadurch ,through this
direktor ,director
wichtiger ,more important
kevin ,Kevin
scott ,scott
karriere ,Career
akte ,file
erinnerung ,memory
großmutter ,grandmother
erzähle ,tell
lösen ,to solve
bravo ,Bravo
griff ,Handle
verfolgen ,follow
zweifel ,doubt
such ,search
sprache ,language
nerven ,annoy
officer ,officer
andy ,andy
langer ,longer
ziehe ,pull
entlassen ,fire
zweimal ,twice
abholen ,pick up
washington ,Washington
kollegen ,colleagues
doc ,doc
fass ,barrel
szene ,scene
robin ,robin
scheinen ,seem to be
bösen ,bad
schaffe ,create
pflicht ,mandatory
wache ,guard
neulich ,recently